,start,end,rf,total_return,cagr,max_drawdown,calmar,mtd,three_month,six_month,ytd,one_year,three_year,five_year,ten_year,incep,daily_sharpe,daily_sortino,daily_mean,daily_vol,daily_skew,daily_kurt,best_day,worst_day,monthly_sharpe,monthly_sortino,monthly_mean,monthly_vol,monthly_skew,monthly_kurt,best_month,worst_month,yearly_sharpe,yearly_sortino,yearly_mean,yearly_vol,yearly_skew,yearly_kurt,best_year,worst_year,avg_drawdown,avg_drawdown_days,avg_up_month,avg_down_month,win_year_perc,twelve_month_win_perc
atvi,2020-01-02,2020-12-31,0.0,0.5935320041392858,0.5960838766948877,-0.19139357021785652,3.114440448633601,0.1682183728715141,0.1470043238320653,0.2233201433311771,0.5935320041392858,,,,,0.5960838766948877,1.3940150301788052,2.3980888800015303,0.5415137588351344,0.3884561838373267,-0.02001205374657851,2.764751559864002,0.0917344455269602,-0.10636868194781923,2.293685903804475,7.699027087804064,0.5471688806068451,0.23855440699150254,0.21691239135866822,-0.33692463749157664,0.1682183728715141,-0.0644841555458241,,,,,,,,,-0.04206336711035936,18.75,0.07535146061837464,-0.033746737019129704,,
adbe,2020-01-02,2020-12-31,0.0,0.49544002054276626,0.4975080553032609,-0.25641828191480764,1.940220687807872,0.045248383056930574,0.019758176673774885,0.14888240086852167,0.49544002054276626,,,,,0.4975080553032609,1.0774432916702394,1.7910486119189433,0.5170888781667667,0.4799221287694705,0.2628668702264871,7.062648124992016,0.17719298245614046,-0.1474515684670734,1.476706446172263,3.668067573109264,0.4297001977949425,0.29098552316119325,-0.19632306637186958,-1.3298851171278772,0.15545104020899658,-0.08835101282419056,,,,,,,,,-0.03432232939070195,13.772727272727273,0.08885648858090292,-0.057025893021905805,,
amd,2020-01-02,2020-12-31,0.0,0.8678208133307748,0.8718325429787173,-0.34278441287536066,2.5433844429085024,-0.010252585150988924,0.11855106078735833,0.74320467630688,0.8678208133307748,,,,,0.8718325429787173,1.3291200051647687,2.3703501847210062,0.8088479526835318,0.6085590086225964,0.2678125890917366,2.849813779284773,0.1650159792078827,-0.14638954769627766,1.5054074130820132,7.257015059361034,0.8842971284441632,0.5874138261573629,1.4162252999490585,1.9500365851422599,0.47177341583114574,-0.09722530126321838,,,,,,,,,-0.08015637799437306,27.166666666666668,0.21085204083173528,-0.04060908384747667,,
algn,2020-01-02,2020-12-31,0.0,0.883742310630828,0.8878432632517397,-0.5379608889300245,1.6503862669600622,0.11030770511608368,0.632392561078974,0.9471651367475271,0.883742310630828,,,,,0.8878432632517397,1.226330895431501,2.4086784869299,0.8776325262378543,0.715657192938165,1.9212943214497047,16.085861715373635,0.3496620537845849,-0.17439249954351388,1.8368866393489047,3.761028163970607,0.945524016639655,0.5147427154104629,-0.7259704114946538,0.42865956093961355,0.3015640445935519,-0.20334329248529648,,,,,,,,,-0.07715274243484273,22.066666666666666,0.13564368909615854,-0.1770314266395382,,
googl,2020-01-02,2020-12-31,0.0,0.28053302880863895,0.28162087256922663,-0.3087082779133563,0.9122556559635496,-0.001003197526865507,0.19585155829969447,0.23595074524824944,0.28053302880863895,,,,,0.28162087256922663,0.8354419549687385,1.3233010971050256,0.3215061038949649,0.38483356262254675,-0.25999210066538025,4.010854955300079,0.09241146704227998,-0.11634151980939555,0.8391595437104523,1.6061811216521975,0.268491249282779,0.3199525659871665,-0.38603865213426947,-0.8901524733988784,0.15899996365047553,-0.13238756679344788,,,,,,,,,-0.04673069076125399,19.8125,0.09269627311847244,-0.062012132040324096,,
goog,2020-01-02,2020-12-31,0.0,0.2812040714208237,0.2822947922168284,-0.30790138425624014,0.9168350863336764,-0.005031966900679752,0.1920795005350544,0.2392951542763211,0.2812040714208237,,,,,0.2822947922168284,0.8383907412412913,1.3276680815950965,0.3214155858377864,0.3833720603377728,-0.22161162861580197,3.7576281122929727,0.09401650633289482,-0.11100819573363885,0.8301491282322642,1.6083974818110673,0.26746321828309955,0.3221869531473712,-0.34966956372038516,-0.9440353979392109,0.15982831779998197,-0.13179716966901756,,,,,,,,,-0.04201267243485431,17.5,0.09326620183489971,-0.06288451884997807,,
amzn,2020-01-02,2020-12-31,0.0,0.7159708931370734,0.719155810520945,-0.2274469832620879,3.161861283920655,0.028058323595060886,0.03436304536845913,0.18055177609950745,0.7159708931370734,,,,,0.719155810520945,1.5948767674372604,2.8515944914708315,0.6142028447073015,0.38510990770417824,0.09796676185811072,1.2388512337574227,0.0792952391518491,-0.07922080838749879,1.642518684635848,5.588141294715946,0.593704328877362,0.36145971088845674,0.7785698903630262,0.5186088170536616,0.2689001688318371,-0.08757852420479695,,,,,,,,,-0.04918178481014696,17.38888888888889,0.10608003795637343,-0.04958282438925804,,
aep,2020-01-02,2020-12-31,0.0,-0.07987827908741629,-0.08014128922586705,-0.32905200634806286,-0.24355204551190499,-0.019083530969936535,0.027202931668846242,0.06287508782796469,-0.07987827908741629,,,,,-0.08014128922586705,-0.023672027746806386,-0.03697522516550818,-0.009127375010649308,0.3855763903403117,0.11149597719922474,6.869705747770817,0.11682579565154216,-0.11582717316006808,-0.6203685960542491,-0.9981646718511465,-0.17219465809862863,0.27756830244768027,-0.010290491269155442,-1.2950446138780323,0.10033037625767838,-0.13763881254361598,,,,,,,,,-0.07155223910147517,66.2,0.060420510413534204,-0.07665794255412454,,
amgn,2020-01-02,2020-12-31,0.0,-0.015930406759761317,-0.015984673253189197,-0.24065515509797974,-0.06642148698905384,0.0354891975121685,-0.08922802607687308,-0.011988532584521816,-0.015930406759761317,,,,,-0.015984673253189197,0.14727028084323365,0.26904582037735014,0.05652987353243755,0.38385119664851114,0.7709054196240647,3.9313472997883787,0.10897713688380506,-0.08260745091945643,0.4778024745179482,0.8251419861603491,0.1331167119042445,0.27860197257987224,0.08963137692118922,2.304089610018119,0.17999301176969684,-0.14644328129312312,,,,,,,,,-0.08659351543808312,50.0,0.04634239284715663,-0.08290516339945408,,
adi,2020-01-02,2020-12-31,0.0,0.25198161116897655,0.2529481750314806,-0.3361994878638921,0.75237525386679,0.06689717518023364,0.27106425020428304,0.216172446015795,0.25198161116897655,,,,,0.2529481750314806,0.7000090895551891,1.121579286378137,0.3508674128727882,0.5012326527013271,-0.19217522567951087,6.875046560704504,0.1469776599838739,-0.1661489677332867,1.1090448286613277,2.171071412136411,0.41392378631707555,0.37322547801489875,-0.10995802390942196,0.9502934913548176,0.22253193293385665,-0.17790007905547012,,,,,,,,,-0.06299379072506418,28.333333333333332,0.08900454882069951,-0.06090042607189433,,
anss,2020-01-02,2020-12-31,0.0,0.4014407062105547,0.4030659175369147,-0.30958331667339245,1.3019626569933855,0.0761403017815312,0.1117561824369726,0.24704341031961286,0.4014407062105547,,,,,0.4030659175369147,0.959824568864176,1.635504194653561,0.4431211862501736,0.4616689347455945,0.45778891364971935,6.1661720914451745,0.15142321450867047,-0.12348140468749846,1.2349213272907673,2.578286105519122,0.34808489437962387,0.2818680726352585,-0.6079724831044803,-1.011292929780737,0.1262958024579206,-0.11715811505860618,,,,,,,,,-0.040924262182601645,14.761904761904763,0.08299673119515681,-0.06547482462952728,,
aapl,2020-01-02,2020-12-31,0.0,0.7823994822752378,0.7859406204665007,-0.31427258444277784,2.500824632412705,0.11457376802356634,0.14773280497408448,0.46007228147507195,0.7823994822752378,,,,,0.7859406204665007,1.471828504193368,2.470335434049944,0.687334107198854,0.4669933387215828,-0.051776281272669436,3.724673672936814,0.11980836367585512,-0.12864702777879056,1.6528966650167742,4.327902835319135,0.6901316075151727,0.4175285861007947,-0.3975590365930129,-1.6187378372827523,0.21656934542052464,-0.11470143832340363,,,,,,,,,-0.0475703701766889,16.473684210526315,0.13994600712444963,-0.08675035241222645,,
amat,2020-01-02,2020-12-31,0.0,0.4061772446033618,0.4078242607901539,-0.4364338860662951,0.9344468287419018,0.04631436367379593,0.45594714156057803,0.43661974172961804,0.4061772446033618,,,,,0.4078242607901539,0.8782031223771465,1.3617305021053776,0.5179752144253441,0.5898125402051332,-0.6974749735876093,5.432322174967744,0.12813111337194494,-0.20357629790441956,1.1064270983602427,2.58447249749456,0.5658190263305057,0.5113929577186477,0.9395305220117971,3.392104853819304,0.39666915307242867,-0.21163106346921745,,,,,,,,,-0.07605941913220356,27.583333333333332,0.11545105840744428,-0.0723724920122866,,
asml,2020-01-02,2020-12-31,0.0,0.6249758841975268,0.6276873278346791,-0.37944180581873543,1.6542387217462642,0.11420275830392046,0.3258923871486574,0.33035961060612995,0.6249758841975268,,,,,0.6276873278346791,1.2452911960686357,1.9582362828976372,0.6055284187037338,0.4862544765556661,-0.6807550500194234,5.750396286455251,0.11606264094993901,-0.1734916695640618,2.1602305003543285,10.35421837287033,0.669300124799217,0.3098281061624841,0.35075582776234904,-1.1067568460399229,0.21654521717802133,-0.05446110322406239,,,,,,,,,-0.046375167828434,13.130434782608695,0.12598197554848647,-0.02847334777832733,,
team,2020-01-02,2020-12-31,0.0,0.903238935095942,0.9074497780251165,-0.2192073492779545,4.139686835382841,0.039191255035891936,0.28648442573559096,0.29733172227430194,0.903238935095942,,,,,0.9074497780251165,1.65256360987901,3.0318866021412583,0.744987785953515,0.4508073283836005,0.24292051116856692,1.4623258923277636,0.10667968909526904,-0.09064163815902193,1.8049037743141652,7.728074990488818,0.5580841869048622,0.3092043990638367,0.5155346400136454,-1.2049026305558819,0.19171648662591578,-0.05311818329472151,,,,,,,,,-0.054673941403250055,13.727272727272727,0.1129651918201398,-0.03324279591827635,,
adsk,2020-01-02,2020-12-31,0.0,0.6256188753729093,0.6283336041061784,-0.35471624812749325,1.7713696720211722,0.0896049115624078,0.32176097830630934,0.2765583562075884,0.6256188753729093,,,,,0.6283336041061784,1.2166860080276807,1.945538451016869,0.6134045926864833,0.5041601437340831,-0.12678648919254612,4.549682005634954,0.1619852851418888,-0.12002733075909244,1.4019782316141203,2.9323652531225823,0.5610151855134337,0.4001596978203632,-0.48950197975407855,-0.0666054526509674,0.19878281592583513,-0.18220870646273013,,,,,,,,,-0.039610081422095655,12.12,0.11401823536375533,-0.07096593187307662,,
adp,2020-01-02,2020-12-31,0.0,0.059685944558341086,0.05989692961844573,-0.39451186629796686,0.15182541955076906,0.018792881295834674,0.26996705558122525,0.1977298040688753,0.059685944558341086,,,,,0.05989692961844573,0.35418591150715883,0.5469536053717948,0.15793775341149519,0.445917661545109,-0.3346755622881036,7.028423396731279,0.11803562478892804,-0.15252592106710272,0.3285789619061112,0.5541411405259397,0.09442073261985438,0.2873608586262268,-0.2788578656932856,-0.9349880653015217,0.13241107937490204,-0.11124758007184465,,,,,,,,,-0.05661961496626733,38.111111111111114,0.05766254614696953,-0.07927137119848005,,
bidu,2020-01-02,2020-12-31,0.0,0.5644624770902895,0.5668687320613959,-0.42135488253287245,1.3453474863132053,0.5557953589965099,0.7081918931096423,0.8036534039038012,0.5644624770902895,,,,,0.5668687320613959,1.2169549780053406,2.2099599692968,0.5478384853961743,0.4501715308269771,0.5638959960602588,4.190991908515962,0.13831610430471808,-0.10579320484091126,1.2399845932724134,4.593060729782588,0.7639126139777683,0.6160662141468587,2.320129960675009,7.065858880784117,0.5557953589965099,-0.15994333976068575,,,,,,,,,-0.08456102665865083,48.57142857142857,0.11165717035410688,-0.06433471111774473,,
biib,2020-01-02,2020-12-31,0.0,-0.16782215627688857,-0.16834698606764475,-0.3356578712060909,-0.5015433883994372,0.019527844764803293,-0.1368443072042701,-0.08480653417250306,-0.16782215627688857,,,,,-0.16834698606764475,0.05971876033969188,0.11086234080720647,0.04135533090691379,0.692501496542739,3.3510505751428967,48.22473583418659,0.4397393335959552,-0.2816661632982739,-0.24878802244893647,-0.4052169027433936,-0.06769219763992827,0.2720878480145564,0.1400307285877102,0.2872630080692762,0.14707088579978578,-0.1287570712704561,,,,,,,,,-0.13985562423256528,49.57142857142857,0.05015057955307648,-0.07259093169767863,,
bkng,2020-01-02,2020-12-31,0.0,0.07360040859172368,0.07386227023305092,-0.4478700253230544,0.1649189855466954,0.09801576235317655,0.30197930039558596,0.3987402610873023,0.07360040859172368,,,,,0.07386227023305092,0.39288839192378844,0.6931300862415961,0.20535815334779162,0.522688268651181,0.7418494286044667,6.022481155222332,0.18752066726524186,-0.11237433316182843,0.6797930761131457,1.3666922492821307,0.30996814616710755,0.45597426196132074,-0.09998109955112183,-0.36745720776192714,0.2502002780720338,-0.2066098633150304,,,,,,,,,-0.1424947220230544,87.75,0.1248778019228159,-0.09302586884340938,,
avgo,2020-01-02,2020-12-31,0.0,0.4201740610187956,0.42188583310678673,-0.4829996684738015,0.8734702333023865,0.09960855531008828,0.2120683918452062,0.4118900320382197,0.4201740610187956,,,,,0.42188583310678673,0.9463752112741797,1.4186751316440043,0.48523921909224454,0.5127344982323964,-0.9279394944672503,10.616747467679723,0.1583366544158522,-0.19912902655814535,1.5389012015860821,3.2120706661140153,0.49855740124337455,0.32396972640578353,-0.7226117706354171,-0.7752589230998117,0.14858555127841155,-0.11550793940354898,,,,,,,,,-0.06354568592616198,21.333333333333332,0.08993418604992265,-0.08748751241987374,,
cdns,2020-01-02,2020-12-31,0.0,0.9097142779030358,0.9139617712299237,-0.3211696829091163,2.845728659540241,0.17308675060880985,0.27947103244821725,0.4217381614987643,0.9097142779030358,,,,,0.9139617712299237,1.6316908102185712,2.730225197675196,0.7541402073056823,0.46218327797327147,-0.0029684020261343392,3.9602274849176453,0.13390618439861224,-0.12598051213057826,2.334255735794619,8.322331985894149,0.7612673320399954,0.3261285044163541,0.26996704614044337,-0.6101210197289433,0.22849782145206876,-0.08279019789449449,,,,,,,,,-0.046843761685640306,12.25,0.10259005137932531,-0.04096400777709108,,
chtr,2020-01-02,2020-12-31,0.0,0.34891829144371544,0.35030545784139644,-0.31478819239924094,1.1128290904797011,0.014662798051787718,0.059598871347253723,0.29705508726714447,0.34891829144371544,,,,,0.35030545784139644,1.0305727027895821,1.6393727629772206,0.36131094310597467,0.35059238627994743,-0.583947926418901,9.290855065842386,0.09853841279656783,-0.1432880881129468,1.0622091958225355,2.346389904112579,0.3089167114687999,0.290824738369532,-0.165701609172675,-1.1005389054119004,0.13716569344170648,-0.11529495776505172,,,,,,,,,-0.03663620134684724,12.565217391304348,0.07724323468594751,-0.06438224765547484,,
ctas,2020-01-02,2020-12-31,0.0,0.3190149061850982,0.3202696773358362,-0.4837967259648469,0.6619922379530682,-0.005178634462540965,0.07314865221262168,0.3409524390285217,0.3190149061850982,,,,,0.3202696773358362,0.7950005333390349,1.2361794579715006,0.41382579256505847,0.5205352389223856,-0.4777134872527078,6.523900260834871,0.14658850846715987,-0.16860991284534022,0.7718889763965058,1.1929743409786582,0.43146431857419343,0.5589719917862355,-1.2067145592563566,2.947555357275644,0.2806256133924723,-0.3506035005587115,,,,,,,,,-0.0587110886636953,21.866666666666667,0.14188070582439782,-0.09115505525067527,,
csco,2020-01-02,2020-12-31,0.0,-0.0510098296727417,-0.05118043976377873,-0.3350690858350419,-0.15274593189111874,0.04021388136927806,0.14655399205372954,-0.024045289648587986,-0.0510098296727417,,,,,-0.05118043976377873,0.08445811389572763,0.13275086883054849,0.0354181118772009,0.4193571256034472,0.04566596200108687,6.603021174234245,0.133735013209191,-0.11185029780527456,0.1554901687541138,0.3284559684445896,0.055216000222507014,0.3551092693829632,0.5681873666759626,-0.42803194709709436,0.1983286872736829,-0.1313900373049829,,,,,,,,,-0.10749566745920969,89.75,0.09460830065636991,-0.07040447273520302,,
ctsh,2020-01-02,2020-12-31,0.0,0.34142945783259004,0.34278325129745135,-0.41554287914828225,0.8249046452198562,0.04889289295624777,0.18387816650130184,0.45117926404761843,0.34142945783259004,,,,,0.34278325129745135,0.8500556007115266,1.426127304933674,0.4098256268158249,0.4821162597749917,0.08371349349412813,7.622647440988056,0.1496098120170679,-0.17179767478828922,0.9468949221303656,1.7054747167698294,0.4295165571038423,0.45360530198799365,-0.4204267224538118,1.200685059102332,0.24854727796415887,-0.2373214573533523,,,,,,,,,-0.058603436599442726,27.833333333333332,0.10515630687331089,-0.08559265935866353,,
cmcsa,2020-01-02,2020-12-31,0.0,0.18084111168091077,0.18151536889058706,-0.3130215944349395,0.5798812993022258,0.0429936785755638,0.13844398564126603,0.3510625121591666,0.18084111168091077,,,,,0.18151536889058706,0.6241733763320848,1.0514898602121983,0.2388752906712729,0.3827066320499096,0.3622881496921636,4.554286315639798,0.12564388390591086,-0.08365097367952512,0.8611243583196398,1.6652562568003062,0.2798103510860384,0.32493605410494714,-0.17259715189319583,0.06694342328132574,0.18939388715789796,-0.14409445724986059,,,,,,,,,-0.06656194634724322,57.166666666666664,0.07951306297122744,-0.07502465474243089,,
cprt,2020-01-02,2020-12-31,0.0,0.3612536952327956,0.36269614491531676,-0.4375119734038576,0.8289970719967473,0.10220877751125368,0.21006081750309002,0.5281614642720855,0.3612536952327956,,,,,0.36269614491531676,0.9232309286655593,1.4693942431855291,0.4040229935867138,0.4376185643722853,0.1109996473856252,9.054661832243543,0.1735284925053333,-0.1405914650410972,0.7986204466814488,1.3263685967699774,0.3312823278735935,0.41481823969094334,-0.9389338461131467,-0.3010541724040148,0.16914776029046918,-0.188920526511287,,,,,,,,,-0.04432836160220273,18.88235294117647,0.09105207650777344,-0.14158038161490893,,
cost,2020-01-02,2020-12-31,0.0,0.3377231448074436,0.339060474907215,-0.1364785531812316,2.484349863065828,-0.013070611410101796,0.09124600763036672,0.2803852473508941,0.3377231448074436,,,,,0.339060474907215,1.1413226045379403,2.05162761968302,0.33307918527417635,0.291836141639394,0.9336631453327031,6.8970982397651195,0.09959476395494571,-0.06315543297909032,1.6253778269034032,3.492039996756279,0.28275223583423786,0.1739609284402044,-0.47123444686270083,0.20152494531382814,0.09549233607393837,-0.07785816506913457,,,,,,,,,-0.028426448319158193,16.38888888888889,0.04589628553500913,-0.03599357825511832,,
crwd,2020-01-02,2020-12-31,0.0,3.28438538041923,3.305845826408966,-0.5001514557251939,6.609689502184212,0.3819155076404446,0.542528371878849,1.112075036300292,3.28438538041923,,,,,3.305845826408966,2.5529210573719454,4.6478107642993605,1.6712813246994784,0.6546545259883384,0.16627094795424063,3.3380044693343027,0.17417336729090072,-0.1653603297518903,2.9660232684505226,13.23474524147658,1.5469483076647434,0.5215563627297108,0.006211303289297687,-0.682510280943569,0.3819155076404446,-0.09816494514525631,,,,,,,,,-0.06613288949625463,10.481481481481481,0.2007918442740195,-0.06276626849982485,,
csx,2020-01-02,2020-12-31,0.0,0.2564471235127823,0.25743250900551895,-0.4055300090005537,0.6348050780260936,0.007773412271017355,0.17170751810144647,0.3094084321150019,0.2564471235127823,,,,,0.25743250900551895,0.7265990249033376,1.161918670224043,0.33424812628414313,0.46001730642097893,-0.056157313689331315,8.868293700609023,0.16449850281138945,-0.15550571465915364,0.7644826129386739,1.2860583415947822,0.2579260510718119,0.33738641887530074,-0.7045594481921286,1.0092703268806025,0.15584650134045108,-0.18665718349928873,,,,,,,,,-0.046448956005062464,22.533333333333335,0.06534406355806588,-0.09544009832734428,,
ddog,2020-01-02,2020-12-31,0.0,1.6822888391003343,1.6913926299179711,-0.4209158157079338,4.018363213730128,-0.004852362883380534,-0.0364134797117559,0.13214497868244424,1.6822888391003343,,,,,1.6913926299179711,1.825340352100808,3.2421487777876594,1.2036411477729891,0.6594064204999923,0.34729087887844456,6.490471185341891,0.2364877412176165,-0.17867270382747447,1.414032765966667,4.528219312050096,1.0837303902682782,0.7664110877426619,0.9273540602535741,1.1539311892921038,0.5795655658294425,-0.2031008122643485,,,,,,,,,-0.07025147698446058,15.45,0.2409739013777893,-0.09048477677082947,,
dxcm,2020-01-02,2020-12-31,0.0,0.6852948901072302,0.6883182848011749,-0.3680870136819142,1.8699879626723028,0.15653156184745143,-0.10312206446084027,-0.0880118234162871,0.6852948901072302,,,,,0.6883182848011749,1.2220646881580064,2.0026689609639554,0.6762533064248178,0.553369484428947,-0.32136211551549526,3.334036342284339,0.1256888945893646,-0.17096959466536432,1.2881211660492562,2.4586319531123206,0.5665042545131429,0.43979112326105546,-0.6472412541583923,1.0371307230637248,0.24484727553508323,-0.2247532250075196,,,,,,,,,-0.08450395613188023,23.071428571428573,0.11752474896015912,-0.07584441902101655,,
docu,2020-01-02,2020-12-31,0.0,1.9288537362672158,1.9396820100896144,-0.28054312435981765,6.914024410742023,-0.02448657939043053,0.03280058250517914,0.2908657707743829,1.9288537362672158,,,,,1.9396820100896144,2.0774988272419788,3.7432430235894203,1.2573882052036671,0.6052413549965445,0.41827373638361987,4.566039487147195,0.20538111117923208,-0.14713624230079536,2.860071096138038,17.99984680879144,1.270481006374043,0.444213085503216,0.430601847035822,-0.7771053722117864,0.3340334653285353,-0.060351259810651814,,,,,,,,,-0.06245242649815947,13.666666666666666,0.16053045125278662,-0.0398786736153622,,
dltr,2020-01-02,2020-12-31,0.0,0.1520580328625314,0.1526181749728217,-0.3016295652244573,0.5059788315487279,-0.010984959462729704,0.1828334272738419,0.16573155545721097,0.1520580328625314,,,,,0.1526181749728217,0.5356058642584376,0.8807100128108464,0.2545124084538073,0.4751860004486459,0.0073478707038803015,9.365607026720584,0.14076424319079872,-0.15919684458374983,0.789314816107898,2.3343176258045113,0.29769487045889975,0.37715606546805946,1.026849515641899,0.24059412079526332,0.2284423872966892,-0.1151390786359675,,,,,,,,,-0.08309219245668295,34.2,0.11216343788175878,-0.047988370803578186,,
ebay,2020-01-02,2020-12-31,0.0,0.4041993095678784,0.40583721354084834,-0.3156663988537337,1.2856522424133459,-0.003569351988265246,-0.03249354559759399,-0.03610788297685086,0.4041993095678784,,,,,0.40583721354084834,1.079114882666556,1.8314511314814128,0.4125058763122066,0.3822631704354595,-0.07458050076543046,0.8896581116059648,0.08781621807100826,-0.07455405449787844,1.234622993110915,3.4964839568078996,0.5461196712874666,0.44233719470216026,0.8878779966267752,1.1613984748969175,0.32501670430344576,-0.132217061570983,,,,,,,,,-0.053212813473492104,18.11764705882353,0.12953837623928963,-0.05532411175111198,,
ea,2020-01-02,2020-12-31,0.0,0.3395879245400699,0.3409335335312682,-0.2338738010982554,1.4577671031567778,0.12556841073847957,0.10260993863123646,0.08891610940072026,0.3395879245400699,,,,,0.3409335335312682,0.9842030585471576,1.6267340810764293,0.35853535253180735,0.3642900206600286,0.10270824012406728,4.074061299568867,0.10664887680819923,-0.08644150008329365,1.2849153662223136,3.2156084529148834,0.35024915904464726,0.2725853921993239,-0.11409849646574952,-1.5196982752611334,0.14066090119378316,-0.08112875194868197,,,,,,,,,-0.03789853785172243,15.8,0.09247715679969164,-0.046760242334777956,,
exc,2020-01-02,2020-12-31,0.0,-0.03526478108499975,-0.0353837144736856,-0.40036407493726767,-0.08837884487820195,0.02800096403012997,0.19133459955245224,0.1856666604255186,-0.03526478108499975,,,,,-0.0353837144736856,0.1696764801564143,0.2799999852525352,0.08316135134539349,0.49011714097753656,0.4956134380779911,9.985926640074068,0.17994106071268767,-0.16089106171821654,-0.2270595448761688,-0.3550194460698104,-0.05853593652644751,0.2577999377140088,-0.36165873492623785,-0.02061818189937803,0.11549236383487615,-0.14613782090865335,,,,,,,,,-0.0629789799628407,47.714285714285715,0.04967333986125951,-0.07033959619669346,,
fast,2020-01-02,2020-12-31,0.0,0.35574964344026405,0.3571673778960869,-0.27780622826370627,1.2856708797653285,-0.0044852083410983346,0.09787595765166901,0.16188806726293192,0.35574964344026405,,,,,0.3571673778960869,0.9745215503525912,1.6541452970675576,0.38004223554177596,0.38997827744730024,0.23936476169073073,5.261767025329906,0.1132008119880481,-0.1102165792760722,1.4204045890175512,3.942140990257912,0.44506348372306354,0.3133357123486202,0.12427865635487752,-1.4502250497138252,0.16713811558206526,-0.08679122529999217,,,,,,,,,-0.04009933476611972,14.761904761904763,0.10520458020657923,-0.04465052423200009,,
fisv,2020-01-02,2020-12-31,0.0,-0.014369772168916328,-0.014418761435171401,-0.37848090742315643,-0.038096403682129895,-0.011460320292818293,0.10490050692346253,0.16635932602796544,-0.014369772168916328,,,,,-0.014418761435171401,0.20440180029346547,0.3242279984720957,0.09561405963934155,0.4677750367270041,-0.34509550761788343,6.143524410278086,0.12532469514128453,-0.16669887999423993,0.007592041656526423,0.014954911984182126,0.002482250199708158,0.3269542386631027,0.8264580623821949,1.1140327395530942,0.20645227644763509,-0.13140090221636147,,,,,,,,,-0.07108021143328098,58.166666666666664,0.07689648483215268,-0.06370117135739405,,
ftnt,2020-01-02,2020-12-31,0.0,0.35421223893165665,0.35562308363155504,-0.37608179505634354,0.9456003675431207,0.20530710649323192,0.26075886475954024,0.08202807719366345,0.35421223893165665,,,,,0.35562308363155504,0.8228335148532984,1.3778823517281715,0.4517848104780622,0.549059806537669,0.7037197009738614,8.838482218805956,0.2122734274812217,-0.1380329711300925,0.8109250799444518,2.3515553243015748,0.36238872983771286,0.44688312003192254,0.9621378803388484,0.21427088902677927,0.29199925476378663,-0.11529128798014554,,,,,,,,,-0.09345691776871058,37.44444444444444,0.1372534364876826,-0.059012918903418254,,
gild,2020-01-02,2020-12-31,0.0,-0.07057978751452887,-0.07081337174058389,-0.3046811600726581,-0.2324179536525883,-0.028854571923162542,-0.0675835780475248,-0.2261927164786709,-0.07057978751452887,,,,,-0.07081337174058389,-0.00928586478709468,-0.016795956799558417,-0.003488101746581873,0.3756356383122842,0.6171850336264355,2.9288868650638777,0.09733462539457571,-0.08352051383395132,-0.04937108287588126,-0.1046853762537282,-0.013216800012991303,0.26770326359294755,0.477987487171433,-1.3048679797107638,0.12359560053666341,-0.09630878947047539,,,,,,,,,-0.06865089318152637,30.727272727272727,0.08807308891213111,-0.052058250808633307,,
hon,2020-01-02,2020-12-31,0.0,0.2039480162805556,0.20471563788218994,-0.43010339441447054,0.4759684311742842,0.0430561969598402,0.29820335776609164,0.48630999220043925,0.2039480162805556,,,,,0.20471563788218994,0.6349472599978804,1.0397144966408898,0.2877543071339156,0.4531940292724095,0.20817974459313135,5.353778340407338,0.15068353040392823,-0.12086837477135914,0.8629734781632127,1.6657090864244863,0.3085171719755409,0.35750481304732695,0.23397347689147913,2.1861289072100627,0.24204937259811832,-0.1750013003485713,,,,,,,,,-0.0715417650235941,42.25,0.07583580257470568,-0.06201080259467348,,
idxx,2020-01-02,2020-12-31,0.0,0.8861595948953125,0.8902741345416518,-0.371275383462487,2.3978808566272845,0.08436371036490087,0.2715779648032812,0.5140234721730916,0.8861595948953125,,,,,0.8902741345416518,1.742243248246758,2.8905750410325726,0.7208118621566112,0.41372630537209637,-0.19624933185082602,3.823998748505449,0.12053133681803785,-0.11936891276099315,2.5259946105832736,9.440679189565948,0.7218976350413404,0.28578748031241763,0.03679427696745317,-0.6196976809564818,0.20471891079533444,-0.06088341634708849,,,,,,,,,-0.04809302735165078,13.454545454545455,0.09845659698596376,-0.0419710923666049,,
ilmn,2020-01-02,2020-12-31,0.0,0.13149847094801226,0.13197861581661785,-0.3765088137891103,0.3505326063642738,0.14874725762003815,0.19710112616266318,-0.0009450684426822731,0.13149847094801226,,,,,0.13197861581661785,0.5004733385618112,0.7560982934264502,0.2308024133824278,0.4611682493330711,-0.5823958445311957,2.525219207585934,0.10510633591210472,-0.1093581358239758,0.9122035414469586,2.002994038178833,0.3252369914813989,0.35653993511744136,-0.06267486129705815,-1.3116660340161355,0.1680946268412562,-0.13476293176174903,,,,,,,,,-0.10326011092697639,38.0,0.09075299732523427,-0.08428426810467274,,
intc,2020-01-02,2020-12-31,0.0,-0.16076930901805986,-0.16127427952888984,-0.3452652704488579,-0.4671025247318596,0.030403458936381522,-0.030854174520875466,-0.15555446470623358,-0.16076930901805986,,,,,-0.16127427952888984,-0.05814403074208415,-0.08823243732331446,-0.03108127131137151,0.5345565299599216,-0.24208631611670983,10.31014021849452,0.1952128970025786,-0.1804151681993783,-0.4925426879735044,-0.705185995795419,-0.17910852911349992,0.3636406213853585,-0.5974936225763808,-0.8837145581711612,0.10827807050607774,-0.20223981585284145,,,,,,,,,-0.18832949741443195,179.0,0.06410852209269587,-0.10976679018204336,,
intu,2020-01-02,2020-12-31,0.0,0.43799902258861145,0.43979394976099173,-0.3628479698793058,1.212061210945401,0.07905800857287759,0.16648900853380977,0.28691469639172684,0.43799902258861145,,,,,0.43979394976099173,1.0003681099536512,1.708414895515833,0.47427952368706283,0.47410500091714936,0.6991075565750238,10.093329809609115,0.20080114248341174,-0.14476568938368373,1.1967016602737972,2.6392806450856328,0.38970382023871786,0.32564826570856115,-0.24202058900530843,-0.6972533768929381,0.17562046687555122,-0.13485061622194083,,,,,,,,,-0.04581527364748315,15.894736842105264,0.09043944601640219,-0.06896190505733099,,
isrg,2020-01-02,2020-12-31,0.0,0.36975525440273516,0.37123602998344696,-0.40521436280271994,0.9161472644151673,0.12678197145617576,0.15300057328521843,0.43569144463994025,0.36975525440273516,,,,,0.37123602998344696,0.9168569844677812,1.495963855950518,0.4183925230247796,0.45633346324743207,0.20239615827822344,7.977406126803331,0.17443907458174368,-0.14159834342772637,1.4604489941019283,4.89233855641843,0.4647623641712818,0.31823252030590593,0.4276018911893883,-1.0492539197521316,0.2028850768380719,-0.07257092310760116,,,,,,,,,-0.07900210302414637,30.0,0.10854997376835991,-0.04505353509063024,,
jd,2020-01-02,2020-12-31,0.0,1.3297111739288643,1.336487286527599,-0.21021957592910578,6.357577692851566,0.029877013442841438,0.1325860177116771,0.46061816351169194,1.3297111739288643,,,,,1.336487286527599,1.9898368517250733,3.5452981171698488,0.9636515317241895,0.48428670465559004,0.03985895512440251,1.7263966602833634,0.12438330626592031,-0.11256604152765415,3.3279427645157424,72.78961155696952,0.9957650768214314,0.29921340217710374,1.4376830079788434,1.13570281211038,0.26055693165920935,-0.013097644802785413,,,,,,,,,-0.0641480934885433,15.25,0.09258822985557642,-0.013097644802785413,,
kdp,2020-01-02,2020-12-31,0.0,0.132640146639196,0.13312470020948952,-0.335593261047044,0.39668466462688556,0.050903163932991324,0.16575586046804358,0.13893330212673427,0.132640146639196,,,,,0.13312470020948952,0.5128506118959694,0.86664400812913,0.19630389437084395,0.3827701280205624,1.6580575740622077,36.06408208342228,0.2214965461383669,-0.16489137836168422,0.6580392427847771,1.2414969409258085,0.17821203493149476,0.27082280712820955,-0.3307957231752037,-0.4161091969742401,0.13197021787643437,-0.12948343983864374,,,,,,,,,-0.06291653939171166,36.77777777777778,0.07254427531680104,-0.054380923976053874,,
klac,2020-01-02,2020-12-31,0.0,0.44376601448046005,0.44558800887452144,-0.3723884599424634,1.1965677157218242,0.027542960814532558,0.34155474763541793,0.3422035658304232,0.44376601448046005,,,,,0.44558800887452144,0.9068945993167712,1.5417879560942658,0.546759474229981,0.6028919729391863,0.5106431341060953,5.114129569410762,0.1718803397554305,-0.13497100127864126,1.5907461707730757,5.58149357604663,0.5700280819838247,0.35834006232861193,1.1020403284447269,1.610011766888496,0.28281751675793854,-0.06800382288440043,,,,,,,,,-0.05791302339610268,16.57894736842105,0.08887049339692452,-0.06281273511896339,,
khc,2020-01-02,2020-12-31,0.0,0.15653128488562085,0.15710900074834977,-0.3569187810897261,0.44018137759148634,0.0522163022419877,0.17110917688935712,0.1124680554114239,0.15653128488562085,,,,,0.15710900074834977,0.5490484852977792,0.9357823037571492,0.23720549695508497,0.4320301454368559,0.9772835269413616,13.568032256819993,0.1949152855954368,-0.1375754086393669,0.8492366103059472,1.4755791569201742,0.30711998335372065,0.3616424205299829,-0.22383667118141026,1.199988552362484,0.2259498822760122,-0.15171241242498734,,,,,,,,,-0.08359897793781208,38.111111111111114,0.0642779600094679,-0.14848749433881686,,
lrcx,2020-01-02,2020-12-31,0.0,0.6115456909967301,0.6141887199048301,-0.4499385662976735,1.365050177758025,0.04599486838312594,0.42721948945076793,0.46947278349349797,0.6115456909967301,,,,,0.6141887199048301,1.0698696907603404,1.7558452306907921,0.6798544597654256,0.6354553882933754,-0.06509682249929157,5.720218458633012,0.20312981513532602,-0.18427690776507444,1.3112157881350395,3.0893079588357595,0.6299693785774764,0.4804467611494295,0.3157556127283671,0.4669621997333824,0.3232577670373906,-0.17718097113268305,,,,,,,,,-0.06146246233941146,18.41176470588235,0.12696212112366728,-0.07781572937574607,,
lulu,2020-01-02,2020-12-31,0.0,0.4910033480824503,0.4930500132329567,-0.4729217248635632,1.0425615642317985,-0.059937340954677065,0.056653623398422503,0.11544497896310846,0.4910033480824503,,,,,0.4930500132329567,1.0441798384374779,1.5762025503656008,0.5339467821318893,0.5113551923497136,-1.2158474894662599,9.05669550464688,0.11863030806369856,-0.21369167905211284,1.0166224307844258,2.912133957663369,0.528695217120259,0.520050710185804,0.6557958182018601,-0.2771638846252027,0.34284952497220234,-0.12814498018062936,,,,,,,,,-0.06736457827042204,20.866666666666667,0.15306443952223,-0.08674987095462852,,
mar,2020-01-02,2020-12-31,0.0,-0.12569173230165975,-0.12609493277519357,-0.6084434901949244,-0.20724181424769142,0.039804487373192865,0.42492974249104587,0.5387844745520589,-0.12569173230165975,,,,,-0.12609493277519357,0.12812373592028506,0.22468790380044684,0.08563447921900402,0.6683732612377411,0.5871867570107512,3.8088729171152256,0.19482048324490475,-0.1519138332668989,0.2536201587418663,0.4375346839002232,0.178621973667887,0.7042893378585408,-0.18146357997749069,0.983242739106136,0.3659561423158122,-0.3966935680758569,,,,,,,,,-0.6084434901949244,363.0,0.17044349585487906,-0.11474677834647203,,
mrvl,2020-01-02,2020-12-31,0.0,0.7485551925693226,0.7519137535094085,-0.39452433871104864,1.9058741875494618,0.02830951402011972,0.20069403379913475,0.36174260008824266,0.7485551925693226,,,,,0.7519137535094085,1.3036745155395038,2.2650584261006053,0.7049726151938119,0.5407581469076053,0.03658747120835427,3.0198574644939162,0.15295375138245415,-0.1462945076189618,2.232923517919972,6.603419802035093,0.8351256642593083,0.3740054943920561,0.10907966411743829,-0.39613634443538537,0.23407106260064636,-0.11397680238486418,,,,,,,,,-0.1030706140663979,26.416666666666668,0.10370449999252251,-0.08390432051416835,,
mtch,2020-01-02,2020-12-31,0.0,0.7958189577988195,0.7994331057057766,-0.4878312597389286,1.6387492390987966,0.08605700129131377,0.36638048220944497,0.4123306691388613,0.7958189577988195,,,,,0.7994331057057766,1.328210762663214,2.567555127004932,0.7366216391648754,0.5545969509295838,0.790139969834972,3.7765067034493693,0.18784647295950507,-0.10054575340364102,2.0647170235277925,4.591642563574221,0.8102027112736152,0.39240375414220013,-0.7603433560716277,0.3258120362962149,0.20226866521841846,-0.16901049622080655,,,,,,,,,-0.06571599202448168,16.57894736842105,0.12019429454346445,-0.07295617922674502,,
meli,2020-01-02,2020-12-31,0.0,1.7454071092618215,1.7549451617244638,-0.3977165600081255,4.412552400857057,0.07847013712271833,0.5475759375962765,0.6994024341496203,1.7454071092618215,,,,,1.7549451617244638,2.025765969126862,3.4001750124710455,1.181097444170955,0.5830374594949026,0.016862995706417316,4.124218502889373,0.19637968557664776,-0.1276297761869577,1.9302343937150415,5.437510868972049,1.2210809048944464,0.6326075780590993,0.24583658079161416,0.5146432567239003,0.45956362128601946,-0.20688933438858237,,,,,,,,,-0.05734563214920491,10.538461538461538,0.1838431476478988,-0.11714033945442708,,
fb,2020-01-02,2020-12-31,0.0,0.30212606183439195,0.30330708867807177,-0.3459212592332491,0.8768096223700339,-0.013755993579816495,0.0429935472624543,0.20297703285877677,0.30212606183439195,,,,,0.30330708867807177,0.8048176146172198,1.3272144650988642,0.3697578924681362,0.45943066572169544,-0.19197130722685718,3.5306385794002786,0.10234995425425542,-0.14252997678205148,1.0419626290856416,2.3808708430225582,0.39847709207802856,0.3824293510677115,0.1841949615782202,-0.5697413008122578,0.22727819525486437,-0.13337142414993708,,,,,,,,,-0.06779688542028736,23.142857142857142,0.09512924690445976,-0.07515851514825636,,
mchp,2020-01-02,2020-12-31,0.0,0.30151681754770365,0.3026951982165076,-0.4968347856744859,0.6092471923148033,0.027680548503993485,0.34798940703699066,0.3198411043042939,0.30151681754770365,,,,,0.3026951982165076,0.7379512229069826,1.2100783239464947,0.45247677448911383,0.6131526860361985,-0.14654318108295755,5.9385079583738545,0.15585410232765406,-0.2029441608640653,0.9827932667453574,2.027542839476874,0.5330636991975247,0.5423965723359416,0.004157358915652755,0.47657922366787187,0.2939529431219632,-0.2525631580661917,,,,,,,,,-0.09498050364017371,37.111111111111114,0.1292561770400589,-0.10403787875400367,,
mu,2020-01-02,2020-12-31,0.0,0.3572845904692932,0.3587092096674238,-0.42540421604910605,0.8432196864405702,0.17303793367899623,0.6009369703025365,0.45923898137850716,0.3572845904692932,,,,,0.3587092096674238,0.8215358513769602,1.3281677276709472,0.47267898412750764,0.5753601420257676,-0.41403126686592184,4.665126118983405,0.13124201062430751,-0.1981856373512768,1.0595607274169425,2.1891229105936105,0.47499531417777086,0.4482945638573651,-0.014724931443058873,0.40469692701230375,0.27314256222313915,-0.19977173252062908,,,,,,,,,-0.07826608443239842,38.22222222222222,0.10919952121351205,-0.08224606929124026,,
msft,2020-01-02,2020-12-31,0.0,0.3994286634814739,0.40104462898354676,-0.2803928509978503,1.4302954856242804,0.039005878956968054,0.0602497053486275,0.09842953054609205,0.3994286634814739,,,,,0.40104462898354676,0.9848149970221824,1.6128150644554466,0.43272073811964085,0.4393929209324318,-0.06831410803277008,6.431124861093815,0.14216880583020575,-0.14739029947331872,1.3912590920359174,3.953239526834077,0.33214850165949383,0.23873950119056536,0.22885894409550206,-1.2670665003264396,0.13632611522587212,-0.06739673422510606,,,,,,,,,-0.05142940967543393,23.214285714285715,0.06878079467838136,-0.04424902572353337,,
mrna,2020-01-02,2020-12-31,0.0,4.432657499093935,4.464323550880235,-0.4270954029860735,10.452754863825602,-0.31602725243205054,0.47660779110534457,0.6270051815958706,4.432657499093935,,,,,4.464323550880235,2.1605587854249353,4.495410907310998,2.194783280072663,1.015840575539349,0.8155282384292424,2.512969252838965,0.2781065106970553,-0.17966901672282853,1.7811250660092908,7.580171630144276,2.571970908070314,1.4440147731079642,1.6503575991944475,3.8603523502140265,1.2638209979207158,-0.31602725243205054,,,,,,,,,-0.14359233034121519,16.789473684210527,0.3555398933063578,-0.16222638246213614,,
mdlz,2020-01-02,2020-12-31,0.0,0.10082271837186663,0.10118590545876227,-0.29741959981311095,0.34021263401048313,0.0232691850672746,0.0232691850672746,0.1561400873547949,0.10082271837186663,,,,,0.10118590545876227,0.4511949490350499,0.7461088224813284,0.15380932541158765,0.34089327848313167,0.3102359751207288,8.928742240452854,0.11280708321776811,-0.11429698665110566,0.3196028840331015,0.579405752859414,0.06293266920670244,0.19690895279963885,-0.13500320239606145,-0.9723598803053881,0.08527292612513815,-0.07981875997661547,,,,,,,,,-0.05571435817346813,34.7,0.047205626433989734,-0.0451090956995589,,
mnst,2020-01-02,2020-12-31,0.0,0.45180537283036104,0.4536652322912371,-0.27599431653468576,1.6437484582557427,0.0908233626858348,0.15311729271780927,0.334102766359917,0.45180537283036104,,,,,0.4536652322912371,1.217062656031135,2.0975814123503245,0.43702578759966426,0.35908240667314034,0.2666489274261205,3.4277229602508585,0.08712319312033068,-0.07933965076718275,1.2825852425536188,3.482491636675209,0.4084514931177491,0.3184595296796997,-0.08774494258188663,-1.7847152358342497,0.1634040133379242,-0.0985419250266818,,,,,,,,,-0.031194273180543346,14.9,0.11013200160530583,-0.05727562818811298,,
ntes,2020-01-02,2020-12-31,0.0,0.47290241619959605,0.4748623701755472,-0.23963294889512698,1.9816238641847457,0.06210435812187387,0.05551680588017227,0.12092305166717598,0.47290241619959605,,,,,0.4748623701755472,1.1030155734486575,1.8668318763757001,0.48372207270226486,0.4385450979534886,-0.25041946589805625,1.7699362244240113,0.09044350659404765,-0.11425443056666118,2.2676398658226216,5.987724679445574,0.47735244956446254,0.21050628751020634,-0.49543612831701667,-0.5921751826519785,0.12445854949101309,-0.06678831744430869,,,,,,,,,-0.060896215557333294,21.133333333333333,0.06954049794398867,-0.03958363492816178,,
nflx,2020-01-02,2020-12-31,0.0,0.6395196763939346,0.6423056395426363,-0.22935685884105128,2.800464057574866,0.10195632161633328,0.08139507987283223,0.18831305009385502,0.6395196763939346,,,,,0.6423056395426363,1.3000182764182164,2.252879085177052,0.6014888278975213,0.4626772090887299,-0.017421710339599595,2.1556479024571047,0.11608717086590792,-0.11138861972882097,2.534698971582437,7.079209405000782,0.518720701324373,0.20464785252212045,-0.6175888456348966,-0.8374317059032275,0.11810920400403635,-0.055763273123796475,,,,,,,,,-0.05830172523568583,20.4375,0.07251501958112808,-0.03487539347833868,,
nvda,2020-01-02,2020-12-31,0.0,1.1802415497964915,1.1860850743507152,-0.37554031559816836,3.1583428598378163,-0.025567252395255702,-0.03485754138001462,0.3753537128231985,1.1802415497964915,,,,,1.1860850743507152,1.6383687085290284,2.732469188715421,0.9488146681459577,0.5791215757519131,-0.24373717288393845,4.581592616200482,0.17156397497883846,-0.18452078106800507,2.6550892360674734,11.96794048273666,0.9519561220055173,0.358540160938427,0.2833883756067759,-0.615106310636651,0.25999192949435823,-0.0736483589859448,,,,,,,,,-0.06435045498000586,16.22222222222222,0.1244748300424435,-0.041057398389274614,,
nxpi,2020-01-02,2020-12-31,0.0,0.25342476789564095,0.25439740850308534,-0.5325956291020068,0.4776558323094334,0.006125906874736131,0.2770648405893097,0.4018856731992595,0.25342476789564095,,,,,0.25439740850308534,0.6770459545825462,1.087687427754538,0.41095048643996346,0.6069757653206093,-0.13261197496741156,6.158847214722252,0.1790582369976781,-0.193806167928413,0.778581694134598,1.3061460206530888,0.3738420473584816,0.48015776658351955,-0.8028601090188761,0.9008118259523998,0.20065126933602495,-0.26757387852938574,,,,,,,,,-0.06633554944226658,25.384615384615383,0.10764133284683848,-0.10270019662898197,,
orly,2020-01-02,2020-12-31,0.0,0.03439847021498399,0.03451861259064293,-0.4084385492211918,0.084513601021409,0.02289577078680649,-0.018456622486070717,0.07328003631394098,0.03439847021498399,,,,,0.03451861259064293,0.292692105283637,0.4456657623603874,0.12306590629324134,0.4204619942652118,-0.5539973556460183,9.772482809576776,0.12881707347816085,-0.15424780067567623,0.46449092632128564,0.972479168071527,0.19554056530310832,0.42097822416417674,0.7612536615418134,1.749218837621573,0.2833084603995253,-0.18352683120986824,,,,,,,,,-0.12018978180744562,70.8,0.09038276893206432,-0.07261021907957399,,
okta,2020-01-02,2020-12-31,0.0,1.1674196555995895,1.1731847959483828,-0.31125446716089833,3.76921432373185,0.037626515970137664,0.18896416764075075,0.26983968402425407,1.1674196555995895,,,,,1.1731847959483828,1.76955738640059,3.105854781566947,0.9046446805483521,0.5112265290183474,0.02231998775333742,1.9388883111838604,0.1356161379160732,-0.10448316701291327,2.0962031021030487,16.08731366225356,0.8362575869091238,0.3989391991978903,1.0247520969846924,-0.26769375262008177,0.29266356831565465,-0.045291234834746064,,,,,,,,,-0.06624691389376265,12.25,0.12330048842980997,-0.02413349108549323,,
pcar,2020-01-02,2020-12-31,0.0,0.11164369782835215,0.11204780995690045,-0.3696053138271601,0.3031553004383962,-0.0009105780765967797,0.023578611352492285,0.1704369136279149,0.11164369782835215,,,,,0.11204780995690045,0.47022316469241243,0.8316892253918688,0.17057185178370948,0.36274659479033927,0.9447053963248211,7.528494339695381,0.14205579292655002,-0.07615528916375303,0.8627476564043118,1.7593579284830367,0.22158063556617236,0.2568313387134052,0.19864694812356706,-0.17961336589335142,0.1366734872694253,-0.09466266185059258,,,,,,,,,-0.09417902936905506,49.142857142857146,0.055922935787894534,-0.04708624197823427,,
panw,2020-01-02,2020-12-31,0.0,0.5096640292251082,0.5118008807004537,-0.46802021835460517,1.0935443825477582,0.2091385356983071,0.4520531752745147,0.5473941632855872,0.5096640292251082,,,,,0.5118008807004537,1.1678586480408244,1.7326280050806384,0.5092669542697622,0.4360690012649202,-1.241167085572189,8.06730985171515,0.0996168390379446,-0.17010068177526583,1.0423231794863417,2.536772913588658,0.6098562064193831,0.5850932018224146,0.11598729991557559,-1.0695463812207429,0.32881237932801444,-0.2136468350068521,,,,,,,,,-0.06262599410088592,21.6,0.17563889421907294,-0.09895970188600063,,
payx,2020-01-02,2020-12-31,0.0,0.1318820854095224,0.13236371120323565,-0.44153829905120234,0.2997785503265851,0.0003219796129394492,0.1769588053991511,0.25013215308058845,0.1318820854095224,,,,,0.13236371120323565,0.5003118802429358,0.768291025191681,0.24177399291219803,0.48324655571800557,-0.3579902203598818,12.679743805477605,0.18198056469205648,-0.19480149610536013,0.5291878837005407,0.7991074482045359,0.16777394946498933,0.3170404210538011,-1.1704434352348883,1.2323389305218164,0.13252286427012372,-0.18791959591546847,,,,,,,,,-0.06938358012207818,36.111111111111114,0.06009008908822189,-0.10897597523206719,,
pypl,2020-01-02,2020-12-31,0.0,1.114672658674873,1.120118114006877,-0.3119199449890562,3.59104357384449,0.09377919992976347,0.1886514662702774,0.34420021059108685,1.114672658674873,,,,,1.120118114006877,1.6913419493953232,2.988445113790335,0.8860690118463481,0.5238851978827401,0.23322849976748256,4.96779884944244,0.14109780058502763,-0.15823876589852548,1.9846790125254945,6.963303522772178,0.8991733923785004,0.4530573390980269,0.21802132347557776,-0.9630527072605313,0.2847295043292073,-0.11343643154297955,,,,,,,,,-0.048795826046305814,12.208333333333334,0.15423337574294393,-0.06384783846341222,,
pton,2020-01-02,2020-12-31,0.0,4.1015468187072806,4.13017490094576,-0.41708994570296654,9.90236025465618,0.30399658969010757,0.528819069796584,1.6262766144796452,4.1015468187072806,,,,,4.13017490094576,2.554285989121253,4.5666261975452525,1.9157901548211362,0.7500296219689256,-0.18362746108689726,1.699390129233156,0.16013674330968475,-0.2028534762789741,3.4181524594903583,10.661652970746559,1.946188968145457,0.5693686841679468,-0.6847061357624881,0.20886218456722538,0.3692818757569607,-0.17521631549290462,,,,,,,,,-0.08442230988942767,11.958333333333334,0.2182742587091297,-0.09023088712441585,,
pep,2020-01-02,2020-12-31,0.0,0.12370578166693802,0.12415594050707446,-0.28817084958694916,0.4308414285658451,0.035543930459682516,0.07760813291137802,0.13738460125535035,0.12370578166693802,,,,,0.12415594050707446,0.5018481563762928,0.7740473993955244,0.1836263204242753,0.36590015942310194,-0.08738442609673183,11.884857630443591,0.12936611232409012,-0.11428327116235892,0.4848077099233254,0.8911714791772127,0.09688473783307486,0.19984157811433656,-0.06019314018444952,-0.47646171303541873,0.10149877714611644,-0.08421601173260684,,,,,,,,,-0.035639839935019645,29.454545454545453,0.04843054208262491,-0.04035444856308616,,
pdd,2020-01-02,2020-12-31,0.0,3.3092408474790016,3.330911826331012,-0.26739172792323196,12.457048885548604,0.2799510214957548,1.396088934764717,1.069781054854496,3.3092408474790016,,,,,3.330911826331012,2.4855994815033187,5.233351791280896,1.6894105394955952,0.6796793095860403,0.7890598131603581,2.506078967555351,0.20410916756021935,-0.13517963167610336,2.8553705987617697,12.205238668710683,2.117368042026067,0.7415387841228954,0.09345926151642663,-0.7741880824831329,0.5426760655693781,-0.16629188789679883,,,,,,,,,-0.09313340166079005,19.3125,0.23759636475513757,-0.09872328880283837,,
qcom,2020-01-02,2020-12-31,0.0,0.7616474946789737,0.7650764178219582,-0.35987365323886134,2.1259584049464966,0.039596991669177406,0.30011457321114143,0.6864042662996732,0.7616474946789737,,,,,0.7650764178219582,1.3350608134429858,2.344360285664408,0.7052835574794895,0.5282782255144131,0.2438668274571508,4.753629586518386,0.15220898388647108,-0.14945253527617586,2.027248409142056,4.863887944131198,0.7374338464397098,0.36376096935836105,-0.5616820246535454,-0.6822347292286528,0.193012178687894,-0.1291426376584327,,,,,,,,,-0.05814364761793819,21.533333333333335,0.11174066134811839,-0.07264808829395993,,
regn,2020-01-02,2020-12-31,0.0,0.29398681519671555,0.295132571610663,-0.27333226200430205,1.0797575428765807,-0.06379482215437782,-0.13696459311279063,-0.22535081144996583,0.29398681519671555,,,,,0.295132571610663,0.8100393288797106,1.4995316574626836,0.35049936147671945,0.43269425197102745,0.3686576833722153,1.8710996979236363,0.11537331265645001,-0.10489348503300377,1.1239550498710134,4.037495596824422,0.46657825657956653,0.41512181170689305,1.3220319593064465,1.769443010251634,0.31552939608355635,-0.09702702577638345,,,,,,,,,-0.05668906161698401,17.833333333333332,0.114558098024737,-0.05193037059009722,,
rost,2020-01-02,2020-12-31,0.0,0.05442263715428486,0.05461454126312537,-0.5141370756652139,0.10622564263132082,0.1422060239198435,0.31600944141019816,0.44075547959505545,0.05442263715428486,,,,,0.05461454126312537,0.3799171086364151,0.6262630304614448,0.21893917021152232,0.5762814183265687,0.10663433816137709,7.615614126857491,0.16628757658112714,-0.20114544712737903,0.4301796223782478,0.8072543841510899,0.18768737988798895,0.43630002474398794,0.22954753881710374,0.5846574263670483,0.2624162776698089,-0.19803416983071087,,,,,,,,,-0.2977628479836917,176.5,0.08695491197316363,-0.10915940472870556,,
sgen,2020-01-02,2020-12-31,0.0,0.5580463809617666,0.5604207458008812,-0.223186851449243,2.51099355612502,0.028360060479672988,-0.10501304509877007,0.030720346498080087,0.5580463809617666,,,,,0.5604207458008812,1.1666702311118677,2.1379560191185285,0.5563382268116058,0.476859880346309,0.3455005360651332,3.4223614128910897,0.1454957117278297,-0.13278565962570665,1.5729031253035033,3.835050686511737,0.5979431026916971,0.380152530103416,0.09199539622522132,0.007052815153605785,0.23588484885279604,-0.14763145295733093,,,,,,,,,-0.0785569120995621,21.466666666666665,0.0956150227398343,-0.07226855703931734,,
siri,2020-01-02,2020-12-31,0.0,-0.09864244074232698,-0.09896384261153968,-0.39509541433500395,-0.25048086872409914,-0.018489998780601757,0.19146691658302362,0.09034770044629692,-0.09864244074232698,,,,,-0.09896384261153968,-0.02546326042661313,-0.03837212981963523,-0.010912899652181562,0.4285743251000119,-0.719693897666337,5.133274131537499,0.10176976943396521,-0.1389831032754577,-0.0806740619826026,-0.13017083002659383,-0.03172089386296459,0.39319817402779605,-0.08944069390498205,0.6614624639493174,0.19635613329206647,-0.22082011464857265,,,,,,,,,-0.07582731170402564,59.0,0.06861791012660494,-0.08815698936013609,,
swks,2020-01-02,2020-12-31,0.0,0.27526545438802463,0.27633075606805524,-0.4682640881920501,0.5901173355722362,0.08294955935792303,0.054466781509721285,0.20411476017438024,0.27526545438802463,,,,,0.27633075606805524,0.7131974153292636,1.201408692254248,0.4008701017681414,0.5620745296490886,0.06885766327473278,5.262382279922946,0.16464311974948598,-0.18192760849398337,1.1975500355518935,2.6305414414436803,0.39894714624530664,0.33313609820190176,-0.16559781560617262,-1.1257224030422597,0.1622286692070416,-0.11119433404243706,,,,,,,,,-0.10689099923772986,34.1,0.08788473749404623,-0.06237290293336478,,
splk,2020-01-02,2020-12-31,0.0,0.11784448062636743,0.1182722080471501,-0.4504794161412706,0.2625474190591205,-0.1679400260366456,-0.09695426045688937,-0.14499244087103957,0.11784448062636743,,,,,0.1182722080471501,0.4961825242573185,0.7274369119692542,0.30164164721741127,0.6079247705648355,-1.0080920119380052,8.946826124109947,0.15919328601325966,-0.23252879428520534,0.41375478007418043,0.8401646751790754,0.20252433748872944,0.4894791486213637,0.6650314109156722,1.112956712228507,0.3240239065956865,-0.1679400260366456,,,,,,,,,-0.07239117369090975,18.58823529411765,0.09859002710751175,-0.1261207200969784,,
sbux,2020-01-02,2020-12-31,0.0,0.22200801291634287,0.22284967284792434,-0.396346211665601,0.5622601308876481,0.09140990999901089,0.25098303425887325,0.4685303674408765,0.22200801291634287,,,,,0.22284967284792434,0.6676960545475458,1.0979807991762043,0.3042476630105613,0.4556679059856512,0.031189604200715135,8.153259587832428,0.14730331588677292,-0.16204229711013807,0.981070692122495,1.8420342834292907,0.33040465473522895,0.3367796606179477,-0.48503190411817837,-0.07549694188357847,0.16717378958796147,-0.16180027018588738,,,,,,,,,-0.05240334862069471,33.6,0.0740280704495877,-0.0964512100298028,,
snps,2020-01-02,2020-12-31,0.0,0.814516687158394,0.8182331382863661,-0.3425056079446692,2.3889627477823643,0.13951644059065926,0.21151507342053377,0.32943584735576925,0.814516687158394,,,,,0.8182331382863661,1.613362544083415,2.65414816973729,0.6873233310269261,0.4260191446414228,-0.2706935801936746,4.450800577377709,0.11200215265948188,-0.1318910089221853,2.0772802429623636,7.262154317638641,0.6765697601696927,0.3256998002372812,0.20724486709009637,-0.9444503622375016,0.21997052028812436,-0.0662654960849085,,,,,,,,,-0.04363777712052667,14.238095238095237,0.11214818397538043,-0.041212085251361164,,
tmus,2020-01-02,2020-12-31,0.0,0.715867316289724,0.7190516850913085,-0.26042391009325117,2.7610816719318683,0.01436741106538797,0.17917108590247222,0.29476720237981424,0.715867316289724,,,,,0.7190516850913085,1.5269048826499705,2.6002422870234043,0.6232323972371976,0.40816713884336187,0.18403735730966114,6.058535628849425,0.11782798093346325,-0.11208785603327598,2.1352516823494847,7.850290372601662,0.6322679546071642,0.2961093344796993,0.45951572197541274,-0.35512927518615633,0.21328833450463147,-0.06943214154794108,,,,,,,,,-0.04066633919077312,15.1,0.08884747768954265,-0.04373362104214688,,
tsla,2020-01-02,2020-12-31,0.0,7.200506285659165,7.2599773215805925,-0.6062653645917144,11.974916836078503,0.2432523137121141,0.6448799954473674,2.2675654261490936,7.200506285659165,,,,,7.2599773215805925,2.8093762182615123,5.000411559112449,2.5133008727305914,0.8946117135873896,-0.17836214855844423,2.270289662566662,0.19894862891486276,-0.21062826144208535,2.316811153905336,9.226207042386934,2.402559287989142,1.0370112747166569,0.27345796363147423,-0.7392518094611256,0.7414520719546438,-0.21555713856432068,,,,,,,,,-0.09420744576713364,15.68421052631579,0.33156117739267144,-0.15004780171710816,,
txn,2020-01-02,2020-12-31,0.0,0.3040023982550113,0.30519158090125265,-0.29850718295713563,1.0223927540968984,0.0178606866826172,0.15770841921328493,0.31091695768474836,0.3040023982550113,,,,,0.30519158090125265,0.8294889037860768,1.3986369014049371,0.35815761625731113,0.4317810818475749,0.21836940418423015,4.379183521322184,0.13529424518229605,-0.11825727718187506,1.4296384179588877,2.9323844620434363,0.4001258289763606,0.2798790407071077,-0.32526950747557004,0.30605148285863404,0.16151292412953033,-0.12449616217961268,,,,,,,,,-0.044298549769100366,17.72222222222222,0.06058176062412013,-0.08922691786104198,,
vrsn,2020-01-02,2020-12-31,0.0,0.09998474353746878,0.10034477664636166,-0.30317140007511933,0.3309836502437182,0.07811873545447123,0.05638265779270846,0.04626984470679818,0.09998474353746878,,,,,0.10034477664636166,0.4366446908876479,0.7238585791745924,0.17426685724084157,0.39910449131209486,0.4143466841832844,6.889866289650849,0.12806774389661046,-0.12233050561388426,0.2773542212329186,0.6205113507521266,0.07338739728374823,0.26459809033199605,0.7095043325387167,0.0772063387344053,0.16325176163651078,-0.08835398983172593,,,,,,,,,-0.08895209629789504,48.0,0.06292431142345793,-0.062054817539462334,,
vrsk,2020-01-02,2020-12-31,0.0,0.38238998674207125,0.38392805692529297,-0.29239867214940074,1.313029413242771,0.04825440762385047,0.12179226451083425,0.22320095398305373,0.38238998674207125,,,,,0.38392805692529297,1.030920812564678,1.6777480268869143,0.39824873840945063,0.3863039076868625,0.1596422088337418,7.676884203351383,0.13286021641939616,-0.10679210333592282,1.1532439587410714,2.8633884024012244,0.30940210311656424,0.2682885097913891,4.93847855536604e-06,-1.368886479206303,0.12988258300241018,-0.09980949861593424,,,,,,,,,-0.03462963535197259,13.714285714285714,0.0995358566014493,-0.03567678141395488,,
vrtx,2020-01-02,2020-12-31,0.0,0.07696513841206376,0.0772393964205631,-0.3170241163369121,0.24363886669895557,0.03771677865155043,-0.13148610694296226,-0.1859047283061971,0.07696513841206376,,,,,0.0772393964205631,0.3972900136865144,0.5965531112888484,0.18328157013242186,0.46132941634179103,-1.2472953924351895,10.842438511817114,0.10345678984397488,-0.20695496369334432,0.29732317795459057,0.4188349413578137,0.1020125401341338,0.34310322133619164,-1.410977258130573,3.319651090104818,0.1463375595279568,-0.23430837737365795,,,,,,,,,-0.06172147445888168,22.266666666666666,0.06132432124114574,-0.08393968839126606,,
wba,2020-01-02,2020-12-31,0.0,-0.295169675493545,-0.29601583051780267,-0.41954302366928453,-0.7055672811071331,0.04919764956730632,0.12343866272615811,-0.03708885480200075,-0.295169675493545,,,,,-0.29601583051780267,-0.4790393662528376,-0.7828358343818357,-0.23236668098998092,0.4850680285580904,0.15566755361389706,2.5991090553013967,0.1260358972119333,-0.10961582388544489,-0.9117105636171208,-1.77689025453425,-0.1956229583150354,0.21456695372588508,1.4139076101529515,2.2761918298605206,0.1298968800299123,-0.0922314933795707,,,,,,,,,-0.41954302366928453,359.0,0.060751310408250436,-0.045196872043358385,,
wday,2020-01-02,2020-12-31,0.0,0.43084910428652035,0.4326105843375023,-0.42887952674336516,1.0086995469857665,0.06592823420460059,0.11379163841359108,0.27887489234515517,0.43084910428652035,,,,,0.4326105843375023,0.9496020466809786,1.6213536326435565,0.4918392492958008,0.5179424907674358,0.13552707710897458,2.796361617232508,0.12579051556011867,-0.12754059789511552,0.7690614576268789,1.5998177515585184,0.42069530165535174,0.5470242949809324,0.14400384793383725,0.27576371867726834,0.3249503047751694,-0.24836940132350294,,,,,,,,,-0.08047234841046483,33.1,0.14264079685706862,-0.09404148425833452,,
xel,2020-01-02,2020-12-31,0.0,0.09686622315904225,0.09721453809554181,-0.29280714930784524,0.3320087584109311,-0.0036918250369153416,-0.02751321770607973,0.08052849242563598,0.09686622315904225,,,,,0.09721453809554181,0.4330587927469093,0.6727645154970295,0.16914662146999193,0.3905858149123082,-0.4097044014959111,7.801391008317712,0.11257721087845685,-0.12691849802671928,0.016090908296719376,0.02760045535485652,0.0029353022625923197,0.18241992362797632,0.17797846889104973,1.3034950599253605,0.10464014254635057,-0.0992919019576246,,,,,,,,,-0.05977024519669,31.9,0.040567881189739016,-0.03335811870133091,,
xlnx,2020-01-02,2020-12-31,0.0,0.41606657293602023,0.41775929228971354,-0.32666558150228187,1.278859224680196,-0.02597050946475632,0.3638988401397094,0.45026067722595275,0.41606657293602023,,,,,0.41775929228971354,0.9504802164105104,1.7756322171889936,0.46696289421324555,0.4912915452114632,0.5858659805766059,2.9203740391517305,0.1410510612065068,-0.10698715302604533,2.074066267900239,8.752841757066378,0.6352464111607008,0.30628067241256324,0.6171753796772159,-0.09200087349039876,0.22978825088527488,-0.066474945004661,,,,,,,,,-0.07123930160219476,25.307692307692307,0.10119465890523092,-0.03151335052649351,,
zm,2020-01-02,2020-12-31,0.0,3.908614687605609,3.9355066467012163,-0.40648205055949604,9.681870678629593,-0.2948406688399926,-0.28246576793734635,0.33044102018073307,3.908614687605609,,,,,3.9355066467012163,2.2680193865216225,4.510420432679889,1.945179781878596,0.8576557120447926,1.6048745538112006,12.749280207486303,0.40784372146604153,-0.17370178093148947,2.3804148747459966,6.671084237279806,2.0559318583745103,0.8636863599644115,-0.5621074228069712,-0.9725891785998759,0.4460472978332519,-0.2948406688399926,,,,,,,,,-0.08150905328351149,11.0,0.2842441387895829,-0.12978296893556493,,
zs,2020-01-02,2020-12-31,0.0,3.2195224801962974,3.240435878313594,-0.39398588807825763,8.22475113034999,0.2822472341179274,0.4195038968532341,0.8238356777522118,3.2195224801962974,,,,,3.240435878313594,2.408452118842208,4.757832647896013,1.6754132431258257,0.6956390081490311,1.5550253043046143,12.461025959641288,0.29406322412563424,-0.16370055129925032,2.9930671213705535,19.46417614482813,1.5753063460696937,0.5263184159225758,0.8149426392776562,1.1835233275350108,0.46228374568230657,-0.07309678129733299,,,,,,,,,-0.06809946735673796,14.476190476190476,0.19634096805120452,-0.042232309059694474,,
